ID,NAME,ICON,TWITTER,FACE
2ipEzZZY,ときのそら,&#128059;,tokino_sora,https://image02.seesaawiki.jp/h/v/hololivetv/hJWykRa60f.png
shjal101,ロボ子さん,&#129302;,robocosan,https://image01.seesaawiki.jp/h/v/hololivetv/MOXCanl0sY.png
752y4e1g,さくらみこ,&#127800;,sakuramiko35,https://image01.seesaawiki.jp/h/v/hololivetv/O7blSvcPeT.png
KfM6J2SU,星街すいせい,&#9732;&#65039;,suisei_hosimati,https://image02.seesaawiki.jp/h/v/hololivetv/6nRrHK1JwW.png
2WK2S2xg,夜空メル,&#127775;,yozoramel,https://image02.seesaawiki.jp/h/v/hololivetv/XW5VL0Rotn.png
7j4q7dl0,アキ・ローゼンタール,&#127822;,akirosenthal,https://image01.seesaawiki.jp/h/v/hololivetv/w3RY3Lus_S.png
dvC415D4,赤井はあと,&#10084;&#65039;,akaihaato,https://image02.seesaawiki.jp/h/v/hololivetv/ccV3rUohsS.png
1m087elA,白上フブキ,&#127805;,shirakamifubuki,https://image02.seesaawiki.jp/h/v/hololivetv/hJhJjoz8Cm.png
Bm0aR2O1,夏色まつり,&#127982;,natsuiromatsuri,https://image01.seesaawiki.jp/h/v/hololivetv/dXF1amCTcN.png
W6A6El9N,湊あくあ,&#9875;&#65039;,minatoaqua,https://image02.seesaawiki.jp/h/v/hololivetv/A31bFxvl_6.png
M199w621,紫咲シオン,&#127769;,murasakishionch,https://image02.seesaawiki.jp/h/v/hololivetv/7E6xbTcHYZ.png
FZfqd6Dk,百鬼あやめ,&#128520;,nakiriayame,https://image01.seesaawiki.jp/h/v/hololivetv/nHjTDn4YMd.png
19G4NjHT,癒月ちょこ,&#128139;,yuzukichococh,https://image02.seesaawiki.jp/h/v/hololivetv/MBfi4oXJ98.png
EJz70a3J,大空スバル,&#128657;,oozorasubaru,https://image01.seesaawiki.jp/h/v/hololivetv/11go2oVxg2.png
8b4MN681,大神ミオ,&#127794;,ookamimio,https://image02.seesaawiki.jp/h/v/hololivetv/YBfBKBYdSF.png
13tARp1R,猫又おかゆ,&#127833,nekomataokayu,https://image01.seesaawiki.jp/h/v/hololivetv/dIKMHD48m1.png
Bv22Ph79,戌神ころね,&#129360;,inugamikorone,https://image01.seesaawiki.jp/h/v/hololivetv/vU0ZvXSQDI.png
A358Dp2q,AZKi,&#9874;&#65039;,AZKi_VDiVA,https://image01.seesaawiki.jp/h/v/hololivetv/eTyka0G_Hh.png
251Jm6wt,兎田ぺこら,&#128111;,usadapekora,https://image01.seesaawiki.jp/h/v/hololivetv/AGe1n5GjBW.png
y6S2169h,潤羽るしあ,&#129419;,uruharushia,https://image01.seesaawiki.jp/h/v/hololivetv/ascZCM3qkj.png
Vi53QQQN,不知火フレア,&#128293;,shiranuiflare,https://image02.seesaawiki.jp/h/v/hololivetv/5QApLQ59V9.png
6kv5B71d,白銀ノエル,&#x2694;&#xFE0F;,shiroganenoel,https://image02.seesaawiki.jp/h/v/hololivetv/UR0CXJQS73.png
4ZRi5c4p,宝鐘マリン,&#127988;&#8205;&#9760;&#65039;,houshoumarine,https://image01.seesaawiki.jp/h/v/hololivetv/mCquTw9_9y.png
412O88i2,天音かなた,&#128171;,amanekanatach,https://image01.seesaawiki.jp/h/v/hololivetv/faaoVo_OnY.png
1CYVZ36o,桐生ココ,&#128009;,kiryucoco,https://image01.seesaawiki.jp/h/v/hololivetv/hUO5I8HwnX.png
I41Q8poq,角巻わため,&#128015;,tsunomakiwatame,https://image01.seesaawiki.jp/h/v/hololivetv/EMyldvwJsK.png
l41Jc524,常闇トワ,&#128126;,tokoyamitowa,https://image02.seesaawiki.jp/h/v/hololivetv/w00S9YxNG3.png
Qql1Wk3d,姫森ルーナ,&#127852;,himemoriluna,https://image02.seesaawiki.jp/h/v/hololivetv/jVwuPlKJYm.png
